Nedjeljiste, Vlasenica, Bosnia-Herzegovina
Vlaholje, nr Kalinovik, Bosnia-Herzegovina
Deputy Minister of Environment and Tourism
Head of Military Intelligence and Security
Ndusu/Ruhengeri, Northern Province, Rwanda
Sarghoda region, Punjab Province, Pakistan
golfrategrupo@ebonet.net
info@grupoarosfran.net
East Lombok, West Nusa Tenggara, Indonesia
Director of Military Intelligence; Colonel
http://waatasemu.org.ly
nitcrdam@tiscali.net
institution@alquds-online.org
Rutshuru, Democratic Republic of the Congo
http://www.bmsu.ac.ir/
http://sharif.edu/jalili
MD@energyglobal.info
http://www.csc-sb.hr
http://aquanikacompany.ru
http://www.avia-group.su/
antey@almaz-antey.ru
http://annaboylechem.globalimporter.net
pangates@emirates.net.ae
mobilisation@novorossia.co
almaz_zakupki@mail.ru
kmtp@kerch.sf.ukrtel.net
referent.port@mail.ru
http://www.ukrport.org.ua
theodosia@port.kafa.crimea.ua
Sevport@stel.sebastopol.ua
mail@morport.sebastopol.ua
kardiam.bvba@skynet.be
http://en.vtb-bank.kz/
http://www.massandra.net.ua/
http://magarach-institut.ru/
haejinsm@silibank.net.kp
yonmgjinsm@silibank.net.kp
http://www.oreanda.biz
optic_plant_sbut@bk.ru
http://comitet.su/about/
http://dorstroycom.ru
secretar@dorstroycom.ru
general@sovfracht.ru
general@sovfracht.ru
Deputy Chairman, Executive Board, Tempbank
Deputy Chairman, Executive Board, Tempbank
Deputy Chairman, Executive Board, Tempbank
DPRK Director of Military Security Command
State Minister for the New Border of Peace
mail@burgaz.gazprom.ru
Dzerzhinsk, Nizhny Novgorod Region, Russia
Head of the Political Council of Hizballah
http://lumiere-elysees.fr
http://vela-marine.ru
natthapong@myaviation.biz
12QtD5BFwRsdNsAZY76UVE1xyCGNTojH9h
1Kuf2Rd8mDyAViwBozGTNYnvWL8uYFrkVo
13f59kUM5FU8MfTG7DCEugYarDhSD7XCoC
1P3ZfGFLezzYGg9k5SVzQmnjyh7nrUmF2y
1EpMiZkQVekM5ij12nMiEwttFPcDK9XhX6
1JREJdZupiFhE7ZzQPtASuMCvvpXC7wRsC
https://nstri.aeoi.org.ir/
149w62rY42aZBox8fGcmqNsXUzSStKeq8C
1AjZPMsnmpdK2Rv9KQNfMurTXinscVro9V
17ezuJoT3XBbdcwFZbkTnrXbup11F4uhiy
1DH2xDH7TngrDU6LXciprKCBKNcPA1xX8A
33Kja69SQVc8kozpoP7Qw6HFtGxHkiWzTz
3MkUNScqf21EcfWq6T4x2MFgBeSTqhB5t6
LaizKtS5DUhPuP1nTQcc83MS7HwK6vk85z
18uKfaUjgG52rVeXEi3wxnveww7zZuECtE
Bagboya, Congo, Democratic Republic of the
http://sudocompozit.ru/
0x098B716B8Aaf21512996dC57EB0615e2383E2f96
0xa0e1c89Ef1a489c9C7dE96311eD5Ce5D32c20E4B
0x3Cffd56B47B7b41c56258D9C7731ABaDc360E073
0x53b6936513e738f44FB50d2b9476730C0Ab3Bfc1
0x35fB6f6DB4fb05e6A4cE86f2C93691425626d4b1
0xF7B31119c2682c88d88D455dBb9d5932c65Cf1bE
0x3e37627dEAA754090fBFbb8bd226c1CE66D255e9
0x08723392Ed15743cc38513C4925f5e6be5c17243
134r8iHv69xdT6p5qVKTsHrcUEuBVZAYak
15YK647qtoZQDzNrvY6HJL6QwXduLHfT28
1PfwHNxUnkpfkK9MKjMqzR3Xq3KCtq9u17
14kqryJUxM3a7aEi117KX9hoLUw592WsMR
1F2Gdug9ib9NQMhKMGGJczzMk5SuENoqrp
3F2sZ4jbhvDKQdGbHYPC6ZxFXEau2m5Lqj
1AXUTu9y3H8w4wYx4BjyFWgRhZKDhmcMrn
1Hn9ErTCPRP6j5UDBeuXPGuq5RtRjFJxJQ
1EfMVkxQQuZfBdocpJu6RUsCJvenQWbQyE
17UVSMegvrzfobKC82dHXpZLtLcqzW9stF
39eboeqYNFe2VoLC3mUGx4dh6GNhLB3D2q
39fhoB2DohisGBbHvvfmkdPdShT75CNHdX
3E6rY4dSCDW6y2bzJNwrjvTtdmMQjB6yeh
3EeR8FbcPbkcGj77D6ttneJxmsr3Nu7KGV
3HQRveQzPifZorZLDXHernc5zjoZax8U9f
3JXKQ81JzBqVbB8VHdV9Jtd7auWokkdPgY
3KHfXU24Bt3YD5Ef4J7uNp2buCuhrxfGen
3LbDu1rUXHNyiz4i8eb3KwkSSBMf7C583D
3MN8nYo1tt5hLxMwMbxDkXWd7Xu522hb9P
3N6WeZ6i34taX8Ditser6LKWBcXmt2XXL4
https://www.swissoil.trading/
1Q9UAQbcDezmyouFrzt94t4dSMxgsUfW1X
1Kys8fqDen8NGFUJ6AFcXfFW5qquuTH4eh
0x7F367cC41522cE07553e823bf3be79A889DEbe1B
dm.karasavi@yandex.ru
1Q6saNmqKkyFB9mFR68Ck8F7Dp7dTopF2W
1DDA93oZPn7wte2eR1ABwcFoxUFxkKMwCf
0xd882cfc20f52f2599d84b8e8d58c7fb62cfe344b
LNwgtMxcKUQ51dw7bQL1yPQjBVZh6QEqsd
5be5543ff73456ab9f2d207887e2af87322c651ea1a873c5b25b7ffae456c320
0xd882cfc20f52f2599d84b8e8d58c7fb62cfe344b
t1g7wowvQ8gn2v8jrU1biyJ26sieNqNsBJy
XnPFsRWTaSgiVauosEwQ6dEitGYXgwznz2
GPwg61XoHqQPNmAucFACuQ5H9sGCDv9TpS
Vetkovski District, Homyel Oblast, Belarus
mycryptodeals@yandex.ru
12udabs2TkX7NXCSj6KpqXfakjE52ZPLhz
Leo3j36nn1JcsUQruytQhFUdCdCH5YHMR3
0x901bb9583b24d97e995513c6778dc6888ab6870e
1DT3tenf14cxz9WFNxmYrXFbB6TFiVWA9U
Xs3vzQmNvAxRa3Xo8XzQqUb3BMgb9EogF4
0xa7e5d5a720f06526557c513402f2e6b5fa20b008
1Fz29BQp82pE3vXXcsZoMNQ3KSHfMzfMe3
LWnbjLYUfqeokfbWM4FcU7uk2FP2DSxuWS
1AeSq93WDNdLoEJ92sex7T8xQZoYYm8BtS
LaYUy1DGfVSuSF5KbPhbLrm8kRotqiwUJn
0x8576acc5c05d6ce88f4e49bf65bdf0c62f91353c
t1WSKwCDL1QYRRUrCCknEs5tDLhtGVYu9KM
1AoxtfiBQ22DvbhqAN9Ctb8sULMRhrdwTr
18Qj1THHuETfYhuRDZycXJbWwDMGw73Poa
1MnbhWe5wr7Ut45ReyQsm96PwnM9jD7KaH
1DYFJ6CuBvrxyoQSuBzVsNcetY9tvdsrag
15Pt4NwZaUmMUwS2bQbyyncc7mzgWShtv8
1PhqQpaGCrqSxQ6QDXcv14QCd1U98Zp34E
13YBQr2Cp1YY3xqq2qngaPb7ca1o4ugeq6
1KgudqxMfYaGzqAA7MS4DcsqejtMteqhix
1FRyL9gmFGbzfYDAB4iY9836DJe3KSnjP9
1DbShx4r8i2XesthoDBf5EkYWz5dsKEusV
12sjrrhoFEsedNRhtgwvvRqjFTh8fZTDX9
http://www.syriatourism.org
http://mopmr.gov.sy/
http://www.sedcompany.ir/
http://www.spmco.co/
http://bonrailco.ir/
http://parssarralle.ir/
http://www.aks.co.ir/
secondeyesolution.su
secondeyesolution.ch
secondeyesolution.ru
1NE2NiGhhbkFPSEyNWwj7hKGhGDedBtSrQ
19D8PHBjZH29uS1uPZ4m3sVyqqfF8UFG9o
1EYitrwBYNWuTBcjZFbEUdqHppe2raLpaF
1G9CKRHA3mx22DoT1QyNYrh85VSQ19Y1em
182NGZbPJXwg2WDrhrPpR7tpiGQkNPF844
1NayLEVF3bEEbDtdF2Cwso1VdEtvVNh2qX
16PhXY3hNNMTo8kpuJx2emh713KbWpkqci
1GqChmWqGtsaLrGbHfgdrV5Nkvahtjjuxr
18Ke1QWE9nQfXuhJijHggZuPJ5ZYxapoBK
1QJUiNsNfji6mR1FjAwf6Eg9NxxHPoxpWL
1DtGgdCi9VPKz2Bpq8GQhUQEPnQ5HwaT9n
18M8bJWMzWHDBMxoLqjHHAffdRy4SrzkfB
0x1da5821544e25c636c1417ba96ade4cf6d2f9b5a
0x7Db418b5D567A4e0E8c59Ad71BE1FcE48f3E6107
0x72a5843cc08275C8171E582972Aa4fDa8C397B2A
0x7F19720A857F834887FC9A7bC0a0fBe7Fc7f8102
LQAhYwwK5AR1JQiQPr7vu8Pu4b6qcxxvNB
LgwmgYnraU2uBWHVFUDgAmFCPYj5Yw8C9L
LeKvNdNEzgQkzVVnRdV3fAu2DSF1nLsNw6
1KSAbh5trMCTZwhiNsuUQvfTtSSTT8zqRk
1BiUFjzH6wsT73U3tfy4aXHCQsYQHzjk5h
LeKvNdNEzgQkzVVnRdV3fAu2DSF1nLsNw6
DFFJhnQNZf8rf67tYnesPu7MuGUpYtzv7Z
http://en.miu.ac/ir/
http://generative.ir/ferro_gilan
https://www.gmiprojects.de
XyARKoupuArYtToA2S6yMdnoquDCDaBsaT
t1MMXtBrSp1XG38Lx9cePcNUCJj5vdWfUWL
3Gbs4rjcVUtQd8p3CiFUCxPLZwRqurezRZ
qpf2cphc5dkuclkqur7lhj2yuqq9pk3hmukle77vhq
0x9f4cda013e354b8fc285bf4b9a60460cee7f7ea9
bc1qv7k70u2zynvem59u88ctdlaw7hc735d8xep9rq
bc1qw4cxpe6sxa5dg6sdwxjph959cw6yztrzl4r54s
0x3cbded43efdaf0fc77b9c55f6fc9988fcc9b757d
qzjv8hrdvz6edu4gkzpnd4w6jc7zf296g5e9kkq4lx
qq3vlashthktqpeppuv7trmw070e3mydgq63zq348v
884Bz8UH63aYsjVdkfWfScRYWZGGNbjFL7pztqvWNSrtYT4reFSwyvkCj9KEGUtheHhhMUj87ciTBFyzoesrMJ4L1FvSoxL
49HqitRzdnhYjgTEAhgGpCfsjdTeMbUTU6cyR4JV1R7k2Eej9rGT8JpFiYDa4tZM6RZiFrHmMzgSrhHEqpDYKBe5B2ufNsL
strategic-culture.org
17a5bpKvEp1j1Trs4qTbcNZrby53JbaS9C
Santa Ana Huista, Huehuetenango, Guatemala
Santa Ana Huista, Huehuetenango, Guatemala
Santa Ana Huista, Huehuetenango, Guatemala
https://ministeriopublico.gob.ni/
12HQDsicffSBaYdJ6BhnE22sfjTESmmzKx
1L4ncif9hh9TnUveqWq77HfWWt6CJWtrnb
13mnk8SvDGqsQTHbiGiHBXqtaQCUKfcsnP
1Edue8XZCWNoDBNZgnQkCCivDyr9GEo4x6
1ECeZBxCVJ8Wm2JSN3Cyc6rge2gnvD3W5K
1J9oGoAiHeRfeMZeUnJ9W7RpV55CdKtgYE
1295rkVyNfFpqZpXvKGhDqwhP1jZcNNDMV
1LiNmTUPSJEd92ZgVJjAV3RT9BzUjvUCkx
1LrxsRd7zNuxPJcL5rttnoeJFy1y4AffYY
0x2f389ce8bd8ff92de3402ffce4691d17fc4f6535
0x19aa5fe80d33a56d56c78e82ea5e50e5d80b4dff
0xe7aa314c77f4233c18c6cc84384a9247c0cf367b
1KUUJPkyDhamZXgpsyXqNGc3x1QPXtdhgz
1CF46Rfbp97absrs7zb7dFfZS6qBXUm9EP
1Df883c96LVauVsx9FEgnsourD8DELwCUQ
bc1qdt3gml5z5n50y5hm04u2yjdphefkm0fl2zdj68
0x308ed4b7b49797e1a98d3818bff6fe5385410370
0x2f389ce8bd8ff92de3402ffce4691d17fc4f6535
0x19aa5fe80d33a56d56c78e82ea5e50e5d80b4dff
1KUUJPkyDhamZXgpsyXqNGc3x1QPXtdhgz
1CF46Rfbp97absrs7zb7dFfZS6qBXUm9EP
1LrxsRd7zNuxPJcL5rttnoeJFy1y4AffYY
1Df883c96LVauVsx9FEgnsourD8DELwCUQ
1B64QRxfaa35MVkf7sDjuGUYAP5izQt7Qi
16iWn2J1McqjToYLHSsAyS6En3QA8YQ91H
http://www.aldarproperties.qa
3E7YbpXuhh3CWFks1jmvWoV8y5DvsfzE6n
0x67d40EE1A85bf4a4Bb7Ffae16De985e8427B6b45
3LtcaPbCj87CwJHnRX3vh7c2y9RZQqeSy8
0x6f1ca141a28907f78ebaa64fb83a9088b02a8352
3NRJ8aXdUiZdHaiFX9ePX3DhGHzcEi14Fq
0x6acdfba02d390b97ac2b2d42a63e85293bcc160e
3K7PMJyMNVnxqsfpmK9r9nJDtzDw9wNwNV
3H3rh85qPaGLy2w6618yZNaH7i8asHv46B
3MTrJTFhYK9v1C6pjHtuweZSopfZa4b1wb
0x48549a34ae37b12f6a30566245176994e17c6b4a
347QFbejDBdMZFTxpmn6evvvqyXiqZTCd7
0x5512d943ed1f7c8a43f3435c85f7ab68b30121b0
33xWfziVZesgo83U5izdNCBVTnrtBpSwK7
32wdqwX3zCEX3DhAVEcKwXCEGdzgBnx1R9
3N9YcPBDky9UsMx1RTk33tL4jDkZfSnsPk
bc1q90zrdysy4flyacw7hsury3ajs9yzwtwp6guqpypx94w0d3p58hysvz6pde
bc1qw7vfgv3r5vnehafl0y95sclg3uqsj87wxs9ad628yjjcq33cwessr6ndyw
bc1q86tl9255vg5wldamfymaaz36uqxzm30gs7fhkljvzdlt9t38s3lqgdwdfq
3M7CGBPUJwXXSroWuZ6H5jiprdKCyf7V5M
34kWCKF2wCbe6uinit2uL4ND6d8yxsuxKM
bc1qe95l438kzjcvnsm3kn8n5augf9gpctdlhsq7f7hpnkyvlr7rc7cqupapf7
32VgTk8kGvBsqkHhkvtNooGdtqZm46jTVo
3NPognMSbzyA2JYW2fpkVKWyBMi2XTq2Zt
3MzLtBQ4Lz9J6w4Qu55TktgxFKZwxYWrP6
36YGN5dGzqrxMomTHdkT6cYVMnWBw8S7hD
0xc455f7fd3e0e12afd51fba5c106909934d8a0e4a
bc1q4rzdtlt0uslyw86cp29sctl6ct29g9a95cuup7pn5md9ddj7xgmqpp5m73
39KQvziHwUe2vddbpfC5WkQEV72qbQhxuh
3Qw9Fn19gCnga9LfHfpM99aGzuqxBNjR2i
rnXyVQzgxZe7TR1EPzTkGj2jxH4LMJYh66
158treVZBGMBThoaympxccPdZPtqUfYrT9
0xfec8a60023265364d066a1212fde3930f6ae8da7
389Sft4nJFkPGhbagk9FN4jXncA9piYTuU
39Te8MbphSgs7npDJPj2hbNzhke61NTcnB
31p6woV4e55HUfC2aGynFhzQnGoJFW26cD
3DNsaQnaUz7wkQny1ZDSmtz6QfbEShxoDD
3AjyprBY5yhijiCjUC5NUJutGbwhd3AQdE
35QpLWYkvD3ALhjbge5bK2kd7HfHYcDMu3
3NQ1aa9ceirMJ1JvRq3eXefvXj1L639fzX
3BsyZ7qRFSi3NsaoV1Ff724qAgrEpjVUHm
372Wk9NLrMkJzKgqJdatWJy4bYRfxFjgat
Dahr Al-Maghar, al-Salamiyeh, Hamah, Syria
https://www.whc.or.id
sovcombank-leasing.ru
https://alhadha.group
3Lpoy53K625zVeE47ZasiG5jGkAxJ27kh1
0x7FF9cFad3877F21d41Da833E2F775dB0569eE3D9
3E6ZCKRrsdPc35chA9Eftp1h3DLW18NFNV
WWW.KRSORMOVO.NNOV.RU
CKB-RUBIN.RU/GLAVNAJA/
http://hydram6esdjf6otepmr5c3vjyndsoddz22afphbbjznwb5ln2c6op7ad.onion/
http://hydraclubbioknikokex7njhwuahc2l67lfiz7z36md2jvopda7nchid.onion/
3K4rjdh8A5yi6LWvft2rbmyZvqEbPSSSX4
17mhyeBX617ABZ1ffThhUTJkHUcMvCkfd5
35qwVtMEohWDdBWRiCSR7azoP5cbY8SG1Q
35KAdTa2vqnJzitF2xiUzZn1Gmcas2Y465
35LScRJ8hzDvvWh9t9UA8bHGnGNVz3YEfa
1PJp8diNa89cVHpiT1VPu7EQ8LxYM5HX6v
17V7THwHMiDJmDwZK4unhE5HgKFJKx7VCe
3PiCnZrBvGfWAKQ9hr4cCpfaDjy64yNSpE
14gM1HuLVDELNHaFU22qpabjtiWek4HhV1
1GYuu9d5HPikafbys3k5Q3DRJq6debGsoB
3GXdtA6kbb4M5aqzZm5qqxcFDFRMW8LqdJ
1B11Ezqg3AXjFhMdRq5UpPDpNyriYNVtkn
16SPDQFFzgsoNSPiFFTfS8Dw8LLXqia4oc
19pPbUDvoSBZafkUCYkD2Z9AkuqqV6sWm7
3BQACtiMXYB9JpUMpkEWt9m8BzswpGHq4X
1DGsY4ww3BJnWXTsnmTgWa6UWdoRXgA1pX
1GcKLUUXodTQcLcPD7VLMgvCc4hs5Q775
1EvhBad5wCZYhBoAsGaciV6AvmZ1osLpeJ
bc1qsmv6lkrw65l30yazdqpdjjtwzpvk9f8gfh0cy7
bc1qs9u6j78e3utj08mwvqkkmqm9de5xk3g4yh8qtq
12VrYZgS1nmf9KHHped24xBb1aLLRpV2cT
bc1q202ajnhxgg9d9jjczmg0g4usp6haqldyy2eakl
1NbGwQwt4uEhg2srAKppLf8QaF6fbp3PZG
13LQJQ1oJ9K7PsqsGfjNhoVv6UeU6hgzQz
1CG1aSCxUnbmv9G34ofxTQoHtuVnMLJtQV
3Kp8Qc5z7yevDeoQxhS5RSSKnEi5x7AQ43
331TS6DyASY7iU5CRA8UryBnkPS78fP2B1
1NvJm3jfZxENNyqws5BKQvhkLxg9chLJdo
1Licqjca74n8pmNaoARXLLqcTUTHFpxbXH
175BUqf8JCU1uoG1iTRKTacDa4uvJDUCw2
1ANpca7g93BwptUJg1zV116v49zn9gjDi3
1BCWMwpR4M1nYUuuYe2bmzrNuwGoF9ZAbA
18cFGAdYcvNHkuhXLBE7izQKCyUW8TzCJE
1QHxyuLGRMHfbNPJikV4Dwhfx45HWfUMWB
1GnFTy5F9qi5MfaRZfgdg2jkyT5xtAHvd8
bc1quyc6j8ca84q9gjej5jjd2n8hra0vfu0j60fefs57p6e5rerkq07q0l5u3w
16p2UWTZwXRyK5bTHNVjdDyy1D3EQGsZf2
1CddRqw7oSPrT4tt5oXKyx2LiHJDPszy7y
1Hhe61Bwxs8Hd2WxzWY9FQyZicBiZGeSNW
1D3GuaS9eqKw8dWj9JFQtNufdRtysjSLxZ
1PWRKxkR5AU7Tc9zPqjdhtu1eGW1QZzs4y
1D1ej7zQzywWBDNXKNYpmH7Hso2U9koDG4
3KGQ3hX6eFYtBjTBFSdvdkzHmwZyYWLRQh
1LKE3XA9bf5JFqtGtCHzWj5QGxKGwMfXZw
1MtsQsw6n2jvJCWhpCw7jifTfD9Q3rBBVg
1KkaKujnqwJf7Cbm7JKAZGF3X9d4685m8n
1Ge8JodC2HiBiEuT7D3MoH6Fak6XrcT9Kf
bc1qsmqpalp3gtgkltag4x3ygevmhh9y2hzk73t2ug
1E9uUnLbyfToazo95vmM3ysYnzgkrL7GeC
1HH8eiuaTMucTNyvGCUmAvmCZCtdMi8SqK
19FQzHibWDhSP8pKmJS3uagFYoisXtehzw
3DLGfN7hgsWXXSp9euXcnmWXLpFQuswW2t
1PXxwPVtYxZiCRp9LKq7aKMDFrhAQztvUE
1Q4tJjH2aBr3AJrzxqa4Z3jPpf5SDgF4jK
1PYtgFS2t6i57WdDvbRa7kPcsagGMBxzfg
16ZSAEfYpPCj3D94fsNt2okYj9Ue8mxy6T
bc1qvlzfn6kmezv44d8kw0p5jsmxe6wchv3zc7gsxs
3QVyoH4u3qT88uChAeJVhfB3r6maZt431y
1FFS6pX1TCKTNy668Mbk2Lyoem1qB48kYX
1Dpddb1TMjvmNQeYDqgyd1ww6cmwPJRdSk
3AjiWiUdKB5mcGUSS9mBeoHCeYJw3Zo8r6
1EtMuBPQnPCa3cecerdSH1SzydxnhbTmw
3CCmt5LjQ5yKkaFY1DWC2SbERVEtWRnSRD
1MQBDeRWsiJBf7K1VGjJ7PWEL6GJXMfmLg
1MbtT2ZsTtLp7EKZUV9r74cTyqvsMtTP2M
36yS87PLuW7sErLg1TY26WzaVarTim7AcC
3AYU365Tcjef7j9pdKF9Xe8rWpEpsH196t
148LKmyZT3FGE4x1GjsFN6RsAwcjzk5iuE
16EKTes8ahD8xvwisqjc2xSNLiG3fDHatW
3GuQjr7kkrR5EjpanMgyAuxuLgrjEUwe21
35eanEz5iYg2eYaxCtMrR4SCoypFqrBWUH
3QWUdP5taP4GrRuueVDud1eWetb7hc3wDH
3Czhm6xqn8odwz6jgTcjRrUjog28v6aVS8
1F7UL41qYm6TvnExZzPHBCyeENvX3XDEMS
123WBUDmSJv4GctdVEz6Qq6z8nXSKrJ4KX
3BCN3WgMRJwULTz1vsEQ7NZrBjwaUBf5Ca
35SwVFxosV3AsvnrBfzdXarqavRbvDyyxv
32pCmCWEjwhkLwh5BgLNAeBQFp5Gi1hv81
1G64TFMFVJTjhJXra6x74BBhsfSyiWaFtT
1A3iYY4c3dkgNYGewzYzr7EsqfBuWXibGo
3GAUBtrTtWp1D9yeXgr3wMg8B599QHa5m5
3HJN4jRa4mdfkey9JR9jUhr86yPwL86A3C
1EuUMPBCZtSd5pVVFEqmRqUSfU1qy6ASuL
1Pu1nAW7kCoSMThMs8QcpM8JxuByQDZgH
3QnWE5GVfQu3wVav91RuFkqip4Ti4NWqAY
1CNbhgxGRZvsWnEHotfXge7k2E1UPzBDC7
3HSZc4BLnQBznjSq7JvXgqNCZUUs3M9fZz
37dDBCexFPraKW4jGSqkE3NyG52YeZQbJx
1H8sDTTgJPBKw83EBZDLhXvetCbxZUMMZM
1BvJRBRp9ZZ6zLyuZaZsV7g3xP6JokdZQW
bc1q237mvl0heyw0r38wd3xz8h5mar96rrwpams8pp
34dxZvijpBM1YkPybczbQ7DuGuKAnULdfS
1GkLN7DbA9mAtHNzQWNPANcdWbefaz4Gzm
13hfsQm6oCaDZehfYBSMFiJVAi1jsL6sQd
1Sf6e4xQv8muMZqYPTdRFf3e5o5eWcg9F
bc1qj6j6p0jdefl6pvdzx3kx8245yy5mz6q4luhzes
1B3u21itzjgKtm7QsNQNCBpSkwzzeDHqrW
3JhPsVV3KnL9dBYGSZALS9EbrLr97R865a
bc1qqf8kcc9m57xjqcvsvuf989nnl48ve6d2s24cx3
1HuYfoEwsfHgZiRhbhJrCd5ST3iksa8KEx
1J9wJH2bamZVxscXAvoDH4jvtGKb7sYFDm
34WWXwFKAsXL9zYxbeNPaPV6vDamkjQLUo
3PDmRwotTkRAFRLGTUrucCERp2JdM1q4ar
3AFcE2mbSSndcpYFgHoExSmjUc26ef2gQh
3P6PzdfETr4275Gn3veLkCyDxA1jV8fHKm
3HRExd8GKFskZC5inmVcpiyy9UWG7FVa6o
3MP7yBGSW2gkXVRE8S84T2j4KVgPh3rEzv
1K2fmE9hfhbRNSZoBvCBWZAvsS5idTUxBG
3ES6pqCueDPCnC4hCqhhYuey6gyiRJZw6E
3KvBX3jo69Qn8jHy44M33RYoeYcf8DdRBD
3K26aMKmnrv97Pj6YiFcqiXk2LxeHfhnG3
3BWP6ZQAhc4j5wR1b95zJAthJEFvhdees7
3JuSgFrwnrNfuhvR4GpWAPmeJVot4xrEae
1DKGRGJXGNLAtTeFb9SNPNHtrkZ87q7qKi
361AkMKNNWYwZRsCE8pPNmoh5aQf4V7g4p
33fWcMdmsB2Ey4CEbVWbjGFkuevBSyP9nG
35aTjkBh4yeTypJsi9nuTdoMKHTsawKVgX
http://blenderjkul472odyrnpmnirqgpzd3kms54jrrfycledrvvfbyj3wnqd.onion/
3K35dyL85fR9ht7UgzPfd1gLRRXQtNTqE3
3Q5dGfLKkWqWSwYtbMUyc8xGjN5LrRviK4
3EPqGUw2q89pwPZ1UF8FJspE2AyojSTjdu
3LhnVMcBq4gsR7aDaRr9XmUo17CuYBV4FN
3F6bbvS1krsc1qR8FsbTDfYQyvkMm3QvmR
3JHMz3mTna1gVCZSPp8NgRFiY7phkv5mA8
32DaxSzUhLBHY2WGSWQYiBSHnRsfQZrrRp
3MTRvM5QrYZHKo8gh5qKcrPK3RLjxcDCZE
34pFGsSYbWEritXncW9unZtQQE9dKSvKku
38ncxqt932N9CcfNfYuHGZgCyR85hDkWBW
3F6bbvS1krsc1qR8FsbTDfYQyvkMm3QvmR
3MD3riFB6U8PykypF6qkvSj8R2SGdUDPn3
3JUwAS7seL3fh5hxWh9fu3HCiEzjuQLTfg
3EUjqe9UpmyXCFd6jeu69hoTzndMRfxw9M
3QEjBiPzw6WZUL4MYMmMU6DY1Y25aVbpQu
3N3YSDvp4cbhEgNGabQxTN39kEzJmwG8Ah
3J19qffPT6mxQUcV6k5yVURGZtdhpdGr4y
33KKjn4exdBJQkTtdWxqpdVsWxrw3LareG
3GSXNXzyCDoQ1Rhsc7F1jjjFe7DGcHHdcM
3QJyT8nThEQakbfqgX86YjCK1Sp9hfNCUW
35hh9dg3wSvUJz9vFk1FsezLE5Fx3Hudk2
3NDzzVxiLBUs1WPvVGRfCYDTAD2Ua2PvW4
3DCCgmyKozcZkFBzYb1A2x8abZCpAUTPPk
3MvQ4gThF4mmuo49p4dBNchcmFHBRZnYfx
3FBgeJdhiBe22UoSpp51Vd8dPHVa2A4wZX
3HQDRyzwm82MFmLWtmyikDM9JQEtVT6vAp
31t4nEpcwyQJT1VuXdAoQZTT5givRDPsNP
39AALn7eTjdPzLb99hHhD6F7J8QWB3R2Rd
3LDbNuDkKmLae5r3a5icPA5CQg2Y8F7ogW
3JLyyLbwciWAC6re87D7mRknXakR4YbnUd
3ANWhUnHujdwbw2jEuGSRH6bvFsD9BqEy9
32fbAZMTaQxNd2fAue1PgsiPgWfcsHBQQt
3HupEUfKmMhvhXqf8TMoPAyqDcRC1kpe65
34kEYgpijvCmjvahRXXQEnBH76UGJVx2wg
3GYbbYkvqvjF5oYhaKCgQYCvcVE1JENk6J
3BazbaTP8ELJUEfPBV9z5HXEdgBziV9p7W
3GMfGEDYMTq9G8dEHet1zLtUFJwYwSNa3Y
38LjCapRrJEW7w2zwbyS15P9D9UGPjWS44
36XqYWGvUQwBrYLRVuegN4pJJJSPWL1WEu
37g6WgqedzZx6nx51tYgssNG8Hnknyj5nL
3QAdoc1rDCt8dii1GVPJXvvK6CEJLzCRZw
32PsiT8itBrEF84ebdaF82yBUEcz5Wc6uY
3B4G1M8eF3cThbeMwhEWkKzczw9QoNTGak
34ETiHfQWEYFCCaXmEeQWVmhFH5vz2JMvd
3PyzSbFj3hbQQjTzDzyLSgvFVDjB7yw4Cj
15PggTG7YhJKiE6B16vkKzA1YDTZipXEX4
1H939dom7i4WDLCKyGbXUp3fs9CSTNRzgL
bc1q3y5v2khlyvemcz042wl98dzflywr8ghglqws6s
bc1qx3e2axj3wsfn0ndtvlwmkghmmgm4583nqg8ngk
1H939dom7i4WDLCKyGbXUp3fs9CSTNRzgL
bc1qsxf77cvwcd6jv6j8d8j3uhh4g0xqw4meswmwuc
bc1q9lvynkfpaw330uhqmunzdz6gmafsvapv7y3zty
bc1qpaly5nm7pfka9v92d6qvl4fc2l9xzee8a6ys3s
0x8589427373D6D84E98730D7795D8f6f8731FDA16
0x8589427373D6D84E98730D7795D8f6f8731FDA16
0x722122dF12D4e14e13Ac3b6895a86e84145b6967
0x722122dF12D4e14e13Ac3b6895a86e84145b6967
0xDD4c48C0B24039969fC16D1cdF626eaB821d3384
0xDD4c48C0B24039969fC16D1cdF626eaB821d3384
0xd90e2f925DA726b50C4Ed8D0Fb90Ad053324F31b
0xd90e2f925DA726b50C4Ed8D0Fb90Ad053324F31b
0xd96f2B1c14Db8458374d9Aca76E26c3D18364307
0xd96f2B1c14Db8458374d9Aca76E26c3D18364307
0x4736dCf1b7A3d580672CcE6E7c65cd5cc9cFBa9D
0x4736dCf1b7A3d580672CcE6E7c65cd5cc9cFBa9D
0xD4B88Df4D29F5CedD6857912842cff3b20C8Cfa3
0x910Cbd523D972eb0a6f4cAe4618aD62622b39DbF
0xA160cdAB225685dA1d56aa342Ad8841c3b53f291
0xFD8610d20aA15b7B2E3Be39B396a1bC3516c7144
0xF60dD140cFf0706bAE9Cd734Ac3ae76AD9eBC32A
0x22aaA7720ddd5388A3c0A3333430953C68f1849b
0xBA214C1c1928a32Bffe790263E38B4Af9bFCD659
0xb1C8094B234DcE6e03f10a5b673c1d8C69739A00
0x527653eA119F3E6a1F5BD18fbF4714081D7B31ce
0x58E8dCC13BE9780fC42E8723D8EaD4CF46943dF2
0xD691F27f38B395864Ea86CfC7253969B409c362d
0xaEaaC358560e11f52454D997AAFF2c5731B6f8a6
0x1356c899D8C9467C7f71C195612F8A395aBf2f0a
0xA60C772958a3eD56c1F15dD055bA37AC8e523a0D
0x169AD27A470D064DEDE56a2D3ff727986b15D52B
0x0836222F2B2B24A3F36f98668Ed8F0B38D1a872f
0xF67721A2D8F736E75a49FdD7FAd2e31D8676542a
0x9AD122c22B14202B4490eDAf288FDb3C7cb3ff5E
0x905b63Fff465B9fFBF41DeA908CEb12478ec7601
0x07687e702b410Fa43f4cB4Af7FA097918ffD2730
0x94A1B5CdB22c43faab4AbEb5c74999895464Ddaf
0xb541fc07bC7619fD4062A54d96268525cBC6FfEF
0x12D66f87A04A9E220743712cE6d9bB1B5616B8Fc
0x47CE0C6eD5B0Ce3d3A51fdb1C52DC66a7c3c2936
0x23773E65ed146A459791799d01336DB287f25334
0xD21be7248e0197Ee08E0c20D4a96DEBdaC3D20Af
0x610B717796ad172B316836AC95a2ffad065CeaB4
0x178169B423a011fff22B9e3F3abeA13414dDD0F1
0xbB93e510BbCD0B7beb5A853875f9eC60275CF498
0x2717c5e28cf931547B621a5dddb772Ab6A35B701
0x03893a7c7463AE47D46bc7f091665f1893656003
0xCa0840578f57fE71599D29375e16783424023357
0x58E8dCC13BE9780fC42E8723D8EaD4CF46943dF2
0xc2a3829F459B3Edd87791c74cD45402BA0a20Be3
TX5GV4DyfxNB3rPkzZJhmqZ1efVmL4rEqG
bc1ql7dlyh8xz6tpqk92vztrhqh88dmjvcwrmsemrm
bc1q2lpgjntr348pfvxhfy33ehmdzy3gmx8w4052z6
0x3AD9dB589d201A710Ed237c829c7860Ba86510Fc
